asiakastunnus,lupanumero,nimi,katuosoite,postinumero,postitoimipaikka,kunta,asiakkaan-nimi,alkamispaivamaara,paattamispaivamaara
3304254-9,30076299,Kotipizza Savonlinna,Olavinkatu 35,57130,SAVONLINNA,Savonlinna,S&Z Partners Oy,01.02.2023,
2381368-8,1075849,Patisserie Teemu Aura Punavuori,Fredrikinkatu 19,120,HELSINKI,Helsinki,Zugu Oy,14.11.2022,
1810639-9,1015252,Hotel Kokkola,Rantakatu 14,67100,KOKKOLA,Kokkola,Wiklöf Hotel Services Ab Oy,05.05.2003,
3378579-9,30883499,Winest,Unioninkatu 30,100,HELSINKI,Helsinki,Joy and Wine Group oy,24.01.2024,
2058735-5,30888421,Ravintola Jufu Suomenoja,Suomalaistentie 5 ,2270,ESPOO,Espoo,Ju Yang Fu Investment Company Oy,01.08.2025,
2193610-7,30060743,Rousal Brygghus Tap Room,Norrlandsvägen 210,25950,ROSALA,Kemiönsaari,Rousal Brygghus,21.06.2020,
1762306-0,1062873,Joutolammen kämppä,Lamminrovantie 620,96900,SAARENKYLÄ,Rovaniemi,Safartica Oy,02.10.2018,
1928483-2,1043768,m/s Victoria,Kauppatori,170,HELSINKI,Helsinki,Stromma Suomi Oy Ab,01.04.2013,
2700028-9,30884143,Getnabben Grill Restaurang,Fåfängöntie 57,10600,TAMMISAARI,Raasepori,PIZZERIA DILBER,15.04.2024,
2434417-4,1040111,Ylläskammi 718,Iso-Ylläksentie 44,95980,YLLÄSJÄRVI,Kolari,Suomen Elämysravintolat Oy,29.11.2011,
2245018-4,1033911,Ravintola Raimanni,Satamakatu 19,26100,RAUMA,Rauma,Länsirannikon Koulutus Oy,19.03.2010,
3579111-3,30889286,Platform NO. 1 ,Ratakuja 1,1300,VANTAA,Vantaa,Platform bar Oy,01.01.2026,
0907890-4,1016789,Hills Business Park,Klovinpellontie 3,2180,ESPOO,Espoo,Sodexo Oy,01.06.2004,
2128041-9,30066861,Black Box 360,Fredrikanterassi 1,520,HELSINKI,Helsinki,Flavour Ventures Oy,11.11.2019,
1519801-3,30883295,Lounashetki Aava / Juhlapalvelu,Kirkkokatu 21,48100,KOTKA,Kotka,Oldbrette Oy,01.12.2023,
0906333-1,30889371,Ravintola-kahvila Leimu,Hämeentie 135A,560,HELSINKI,Helsinki,ISS Palvelut Oy,09.02.2026,
3086012-4,1068336,ECC Café och Grill,Masansgatan 30,22270,ECKERÖ,Eckerö,ECC Café & Grill,01.11.2021,
2229409-7,30888432,"Ravintola Tilly, Nuorisotalo",Kirkkopuistonkatu 25,74100,IISALMI,Iisalmi,Iltalypsy Oy,01.08.2025,
2223517-7,1065971,Ravintola Hotelli Rukatonttu,Hiihtostadionintie 1,93830,RUKATUNTURI,Kuusamo,SUOMEN SAAMAMIEHET OY,01.09.2019,
3510123-1,30886974,Sakana Sushi,Tunnelitie 4,2700,KAUNIAINEN,Kauniainen,The Fishy Thing Oy,01.04.2025,
1041605-0,30883367,"Himos Bistro, Himos Buffet ja Himos Cafe",Länsikeskuksentie 9,42100,JÄMSÄ,Jämsä,Krapina Oy,24.11.2023,
0163517-1,1770264,Turkian Lava,Letkonkankaantie 66,49660,PYHÄLTÖ,Hamina,Turkian Tuiske r.y.,01.03.2018,
3190122-3,1071329,Ravintola Elit,Kirkkotie 175 A 3,7170,PORNAINEN,Pornainen,nupel oy,09.06.2021,
0913659-6,30887266,Grönbacka Kuivurin hanahuone,Vehnäpellontie 2,1900,NURMIJÄRVI,Nurmijärvi,Mainos- ja markkinointipalvelu Waltzer Oy,30.04.2025,
0647239-1,1060601,Kinopalatsi Turku,Kauppiaskatu 11,20100,TURKU,Turku,Finnkino Oy,03.10.2018,
1041605-0,30047430,Himos-Hotelli,Säyryläntie 445 A,42100,JÄMSÄ,Jämsä,Krapina Oy,01.04.2019,
1085883-6,30475662,Camping Messilä,Satamapolku 1,15980,MESSILÄ,Hollola,Camping Messilä Oy,16.05.2018,
1975603-5,1021215,Corner Inn,Kauppakatu 10,94100,KEMI,Kemi,Corner Ravintolat Oy,25.10.2005,
3324525-8,30887056,Le Petit Hedonisté,Rihkamakatu 2,6100,PORVOO,Porvoo,Le Petit Hédoniste Oy,01.05.2025,
2997821-3,1068200,Ant Brew,Mallaskatu 1,15140,LAHTI,Lahti,Ant Brew Oy,30.04.2020,
2925817-9,30884243,Jampan Kumpubaari,Listakuja 12,4440,JÄRVENPÄÄ,Järvenpää,JäPS Oy,19.04.2024,
1880492-0,30060205,Ravintola Talin Kartano,Talin Puistotie 12,350,HELSINKI,Helsinki,Gourmet Sarfvik Oy,15.04.2020,
3368728-3,30882186,General Way Pub,Torikuja 2,42300,JÄMSÄNKOSKI,Jämsä,GENERAL WAY PUB KY,07.07.2023,
2673711-5,1060705,BeachRose,Tuomipakkaintie 5,85100,KALAJOKI,Kalajoki,Minrose oy,01.06.2018,
3366795-2,30885600,Kylärafla Kanto,Valurinkatu 2 C,3600,KARKKILA,Karkkila,Kuuke Oy,28.08.2024,
2649848-4,30888182,Hangon Casino,Appelgrensvägen 10,10900,HANKO,Hanko,Food Camp Finland Oy,01.07.2025,30.06.2026
1400822-2,1272802,Tarina-Tupa,Kuortaneentie 1518,62165,TIISTENJOKI,Lapua,LEENAN TARINA-TUPA,01.03.2018,
3455458-9,30888282,Lentiiran Lomakylä,Petäjäniementie 121,88930,LENTIIRA,Kuhmo,Lentiira Wilderness Oy,09.07.2025,
1157755-0,1475749,Kahvila-Kioski Alakulma,Rautpohjankatu 10,40700,JYVÄSKYLÄ,Jyväskylä,T:mi Juha Virenius,01.03.2018,
2479614-6,1042205,Flavour Palace Haukipudas,Jokelantie 1,90830,HAUKIPUDAS,Oulu,Zhang Junxi,01.03.2018,
2585716-6,1073029,Biljardisali Fouli,Kauppakatu 61,53100,LAPPEENRANTA,Lappeenranta,Fouli Oy,01.01.2022,
2827929-3,1057420,Ravintola Juku,Koulukatu 22,60100,SEINÄJOKI,Seinäjoki,Ravintola Juku Oy,09.06.2017,
2183807-2,1028411,Ravintola Krouvi,Asematie 1,52700,MÄNTYHARJU,Mäntyharju,AH Ravintolat Oy,25.04.2008,
2840001-4,1058721,LITTLE INDIA - Indian Cuisine and b,Keskuskatu 10,11100,RIIHIMÄKI,Riihimäki,Guru Nanak Oy,19.10.2017,
2661130-1,30884723,Satamakaffila Nuotta,Rantabulevardi 7,94100,KEMI,Kemi,LV Nuotta Oy,14.06.2024,
2991895-8,30065180,Puusaun,Ruonantie 319,27230,LAPPI,Rauma,KUNNIS OY,15.07.2019,
2627655-8,30886519,Tom Yam Thai Food Lehtitalo,Lauritsalantie 1,53100,LAPPEENRANTA,Lappeenranta,Thaimaalainen Pitopalvelu Sam Phi Nong Oy,01.02.2025,
2859494-7,1069513,The Folks Hotel Konepaja,Aleksis Kiven katu 23,510,HELSINKI,Helsinki,Folks Hotels Oy,29.09.2020,
2912387-2,30887221,Ravintola Kerigolf,Torvelantie 67,58200,KERIMÄKI,Savonlinna,Enonkosken Laiturila Oy,01.05.2025,
2869337-1,30882941,Sizzle Station Fennia,Vuorikatu 14,100,HELSINKI,Helsinki,BL Capital Oy,07.09.2023,
3495312-5,30887899,Gangnam Bite Forum,Mannerheimintie 20,100,HELSINKI,Helsinki,Spicy Tasty Oy,06.06.2025,
3284407-2,1076501,Pizza de Levi,Torikuja 5,99130,SIRKKA,Kittilä,Pizza de Levi Oy,01.03.2023,
1751879-7,1013902,Spa Hotel Hamina,Sibeliuskatu 32,49400,HAMINA,Hamina,Hotellioperaattorit Oy,05.07.2002,
2341913-8,30035405,Vuosnaisten meriasema,Vuosnaistentie 616,23360,KUSTAVI,Kustavi,MAP Satamapalvelu Oy,29.03.2018,
2686415-7,1052246,Ruskotunturin Kahvila,Ruskotunturintie 10,90620,OULU,Oulu,Oulu Action Park Oy,01.03.2018,
3456514-9,30887974,Lily Of The Valley,Kielotie 11,1300,VANTAA,Vantaa,Skandinaavinen siivouspalvelut Oy,16.06.2025,
0658353-4,1059447,Wanha Mestari Saarijärvi,Kauppakatu 7,43100,SAARIJÄRVI,Saarijärvi,Restel Ravintolat Oy,06.05.1967,
3108806-8,30883862,Studio Villatehdas,Kankurinkatu 4-6 B 9,5800,HYVINKÄÄ,Hyvinkää,Ohjelmapalvelutoimisto Hartikainen & Koiksniemi Oy,01.03.2024,
3546243-2,30888800,Rauha Sauna & Lounge,Raatimiehenranta 1,28100,PORI,Pori,RauhaSauna Oy,01.10.2025,
0161970-2,1776021,Totohallin Kahvio,Raviradantie 13,53850,LAPPEENRANTA,Lappeenranta,Lappeenrannan Ravirata Oy,06.03.1985,
2919014-3,1064066,Lomakeskus Karvio,Takunlahdentie 2,79810,KARVIONKANAVA,Heinävesi,Karvion Leirintä Oy,10.04.2019,
3381637-2,30888802,Big Atlas Voikkaa,Voikkaantie 2 ,45910,VOIKKAA,Kouvola,Big Atlas Voikkaa Oy,01.10.2025,
3130963-3,30068409,Pizzamestarit,Välikatu 14,37100,NOKIA,Nokia,Nokian Pizzamestarit Oy,01.06.2020,
2251659-3,1074761,Ravintola Mala,Junailijankuja 5,520,HELSINKI,Helsinki,Fintecso Oy,14.06.2022,
2621742-7,1047551,Hotelli Pohjankievari,Eerontie 1,90440,KEMPELE,Kempele,Hotelli Pohjankievari Oy,01.06.2014,
1926239-3,1018508,Café Vanille,Suomenlinna C 18,190,HELSINKI,Helsinki,Café Vanille,01.03.2018,
1480424-5,1035629,Istuva Härkä,Tunnelikatu 1,74130,IISALMI,Iisalmi,Ravintola LBV Oy,02.09.1998,
0173814-6,1770729,Vieremän Ravirata,Raviradantie 1,74120,IISALMI,Iisalmi,Ylä-Savon Hippos r.y. ,01.03.2018,
2639105-4,1048698,Kurvi Pub,Leppäkaarteentie 27,71850,LEPPÄKAARRE,Siilinjärvi,Ryyppyset Oy,01.11.2014,
0658353-4,1055816,Martina Pori,Itäpuisto 8,28100,PORI,Pori,Restel Ravintolat Oy,01.01.1960,
2734836-5,1053060,Kiva Cafe Streetfood Bar,Itäinen Rantapromenadi 3,6100,PORVOO,Porvoo,Quadrum Oy,07.04.2016,
3002619-9,30882635,Harbour Restaurant,toinen linja 3,20100,TURKU,Turku,SCANDIC WINDOW,26.07.2023,
2385358-3,1037112,HaNi-Halli,Keskuskatu 35,23100,MYNÄMÄKI,Mynämäki,HaNi-Halli Oy,01.03.2018,
1320098-4,1066855,Äijälän Rusti,Paavaistentie 260,21150,RÖÖLÄ,Naantali,Äijälän Rusti,01.04.2020,
1748919-9,30889292,Ravintola Rodi,Kerimäentie 1 B,58200,KERIMÄKI,Savonlinna,Tmi Sidar,01.01.2026,
0487434-6,1042713,Wild Arctic Restaurant/,Rovaniementie 29,97700,RANUA,Ranua,Ranuan Seudun Matkailu Oy,01.12.2012,
0182811-7,1071296,Hotelli Alavus,Järviluomantie 4,63300,ALAVUS,Alavus,Veljekset Keskinen Oy,28.06.2021,
0205361-6,30885855,"Suomalainen Kirjakauppa, Book Cafe",Aleksanterinkatu 15,100,HELSINKI,Helsinki,Suomalainen Kirjakauppa Oy,03.10.2024,
3184661-5,30887975,M/S Suvi-Tuuli,Saaristotie 25,83160,TUTJUNNIEMI,Liperi,Ämmykkä Oy,13.06.2025,
2919804-9,30882255,ALL IN Ravintola,"Yliopistonkatu 21,A1",40100,JYVÄSKYLÄ,Jyväskylä,Gaoshi Oy,01.08.2023,
0155602-7,30886286,Restaurant Block,Inspehtorinkatu 12,20540,TURKU,Turku,Juvenes Oy,04.12.2024,
2919189-1,1064233,Herrasmannin kahvila,Herrasmanninkatu 20,15300,LAHTI,Lahti,Lahen matkailumiehet oy,08.04.2019,
2853633-3,1074596,Narvan Kyläbistro,Karholantie 1,37370,VESILAHTI,Vesilahti,Narvan Kyläpanimo Oy,16.06.2022,
1033390-9,30889058,Villi's,Hossantie 32,99130,SIRKKA,Kittilä,JV line oy,21.11.2025,
2005785-6,30060158,Härmän Kuntoutus Oy,Vaasantie 22,62375,YLIHÄRMÄ,Kauhava,Härmän Kuntoutus Oy,30.04.2018,
3579584-3,30889362,Oliver´s Corner,Koskikatu 9,96200,ROVANIEMI,Rovaniemi,Bon Rovaniemi Oy,31.01.2026,
2468663-3,1043218,Härmän Rati,Vähäjärvenkatu 1,4400,JÄRVENPÄÄ,Järvenpää,Härmän Rati Oy,01.02.2013,
2141933-7,1057760,Danny Boy Original Irish Pub,Matti Visanninkuja 15 B 8,60100,SEINÄJOKI,Seinäjoki,Oliver ja Kumppanit Oy,01.09.2017,
0744746-2,30887165,Karelia Golf Klubiravintola,Vaskiportintie 7,80780,KONTIONIEMI,Kontiolahti,Kontiolahti Golf Oy,01.05.2025,
2488755-8,30884394,Ravintola Mestari,Myyrmäentie 2,1600,VANTAA,Vantaa,Sumit Oy,01.05.2024,
2936134-4,30072514,Kotipizza Hämeentie,Hämeentie 20,20540,TURKU,Turku,Maula Ali Oy,01.11.2021,
2601503-2,1047450,Ravintola Chaiyaphum,Sovionkatu 16,92100,RAAHE,Raahe,Fong Group Oy,27.07.2017,
1571248-1,1049313,Erkan Bistro,Keskuskatu 35,48100,KOTKA,Kotka,Erkan Öncü Oy,01.03.2018,
1902172-5,30172907,Pikku Ranska,Ulvilantie 19,350,HELSINKI,Helsinki,Pikku Ranska Oy,01.08.2020,
2594321-6,1067620,Raankhaogaeng,"Urho Kekkosen katu 1,  E-taso",100,HELSINKI,Helsinki,Ratchasima Oy,01.06.2020,
2862138-6,1060746,Pincho Nation,Aurakatu 3,20100,TURKU,Turku,Resta Circus Oy,09.05.2018,
3493435-4,30886595,Mupen Thairavintola ,Puijonkatu 41,70100,KUOPIO,Kuopio,Mupen lounaskahvila avoin yhtiö,07.02.2025,
2100095-8,1067821,Toppilan kööki,Satamatie 8,90520,OULU,Oulu,J&M Foodie Oy,01.04.2020,
1276638-8,1871900,"Vuoton Joutsen, ravintola",Puolangantie 2415,91300,YLIKIIMINKI,Oulu,Vuoton Joutsen luontomatkailupalvelut,01.03.2018,
3480571-2,30886260,Ravintola Itosushi,Loviisantie 8,6150,PORVOO,Porvoo,Itosushi Oy,01.12.2024,
3163696-8,30886677,restaurant Chopsticx,Länsituuli 10,2100,ESPOO,Espoo,Restaurant Chopsticx Oy,19.02.2025,
3366733-8,30882010,Kylä hullu (ei vielä varma),Eräjärventie 1589,35220,ERÄJÄRVI,Orivesi,LepoTamm oy,01.07.2023,
2873309-7,1060861,Laivaravintola m/s Katrilli,Rantasalmen matkustajasatama,58900,RANTASALMI,Rantasalmi,Blue Lake Cruises Oy,18.05.2018,
2491738-2,1042241,Olutravintola Jano,Mäkitorpantie 11,640,HELSINKI,Helsinki,JA OLUTRAVINTOLAT OY,18.09.2012,
1837957-3,1054208,Praha / Kitty's Public House,Mannerheimintie 5,100,HELSINKI,Helsinki,HOK-Elanto Liiketoiminta Oy,01.01.2004,
2774174-9,30883726,Törnävän Kotipizza,Törnäväntie 21,60200,SEINÄJOKI,Seinäjoki,Ilmajoen Pikaruoka Oy,01.02.2024,
3180008-6,30076762,Taattisten tila,Koverintie 23,21160,MERIMASKU,Naantali,Taattisten tila Oy,01.05.2023,
2823763-2,30888271,Pegasus Taiteen talo,Nunnankatu 4,20700,TURKU,Turku,Pegasus-ravintolat Oy,01.08.2025,
2904130-8,30884072,"Vierasvenesataman Cafe   ""Tullarin Cafe& Info""",`Satamakatu / Vierasvenesatama,64260,KASKINEN,Kaskinen,Majoitus- ja Ravitsemusliike Sininen Hetki Oy,29.03.2024,
2370168-6,1076227,Pub Waski,Iskoskuja 3 C 131,1600,VANTAA,Vantaa,Tulikuuma Kumpu Oy,03.01.2023,
2373248-2,1036763,Lielax Kauppa ja Kapakka,Kuitiantie 47,21630,LIELAHTI TL,Parainen,Lielax Kauppa ja Kapakka,01.12.2010,
3543445-8,30888441,Ravintola Taberna,Härmäntie 1,62300,HÄRMÄ,Kauhava,TabernaHärmä Oy,01.09.2025,
2303359-3,1033896,Hotel Sorsanpesä,Törnäväntie 27,60200,SEINÄJOKI,Seinäjoki,Pesalle Oy,11.01.2010,
2370168-6,1056384,Suvannon Santra,Rantakatu 13,80100,JOENSUU,Joensuu,Tulikuuma Kumpu Oy,10.03.2017,
3490920-4,30886382,Iskender keskusta,Kauppakatu 53,53100,LAPPEENRANTA,Lappeenranta,Adar Baran avoin yhtiö,01.01.2025,
1890079-5,1057455,Möysän Musaklubi,Hämeenkatu 16,15110,LAHTI,Lahti,Toriklubi Oy,01.06.2017,
1884708-2,30024503,Muurla Design Marketing,Muurlantie 9,25130,MUURLA,Salo,Muurla Design Marketing Oy,20.10.2020,
0215377-2,1078964,Työväen Akatemia,Vanha Turuntie 14,2700,KAUNIAINEN,Kauniainen,Työväen Akatemian Kannatusosakeyhtiö,14.07.1995,
2872516-9,1066791,Ravintola Biáng,Länsituuli 5 LT 3.L18.4,2100,ESPOO,Espoo,Momada Oy,30.10.2019,
3374395-1,30883572,Tampere-talo,Yliopistonkatu 55,33100,TAMPERE,Tampere,Talo Events Oy,01.01.2024,
0208265-2,1041155,Sokos Hotel Paviljonki,Lutakonaukio 10,40100,JYVÄSKYLÄ,Jyväskylä,Osuuskauppa Keskimaa,01.06.2012,
2659441-7,1051827,RavintolaTribeni,Teivaankatu 1 tila 104 A,33400,TAMPERE,Tampere,Tribeni Oy,14.10.2015,
0206594-0,1065722,Kotkan Teatteriravintola,Keskuskatu 15,48100,KOTKA,Kotka,Kotkan Teatterikerho ry,06.09.1979,
2670899-8,1058338,Sällskapsklubben Kokkola,Torikatu 27,67100,KOKKOLA,Kokkola,Ravintola Drop Place Oy,01.10.2017,
2704602-5,30052298,G Livelab,Pieni Robertinkatu 16/Yrjönk 3,120,HELSINKI,Helsinki,Livelaboratorio Oy ,31.03.2020,
3109635-9,30887282,Jokilaiva Lulu,Itäinen Rantakatu 23,20100,TURKU,Turku,Restorator oy,23.04.2025,22.04.2026
1048649-7,30884234,Sysmän Pulina,Vellamontie 4,19700,SYSMÄ,Sysmä,Zammi Oy,30.04.2024,
2060274-6,1076984,The Pantry Hakaniemi,Siltasaarenkatu 10,530,HELSINKI,Helsinki,Share Tastes & Events Oy,12.04.2023,
0720538-3,1004969,Imatran Keskus-TB,Lappeentie 40,55100,IMATRA,Imatra,LadyMak Oy,01.03.2018,
0920150-3,1076809,Ristorante Momento Matkus,Matkuksentie 60,70800,KUOPIO,Kuopio,Momento Fastfood Oy,30.04.2023,
3013947-6,1069332,Biggie's,Hämeentie 50,500,HELSINKI,Helsinki,Sharma Brothers Oy,04.09.2021,
1438010-4,1037967,Vihiluodon Kala & keittiö,Rytiniementie 4,91910,TUPOS,Liminka,Vihiluodon Kala Oy,21.06.2012,
2991650-6,1064684,Pollen Potku Baari,Raviradantie 6,70100,KUOPIO,Kuopio,Pollen Potku Bar & Cafe Kuopio Oy,22.04.2019,
1647486-8,1024324,Hotell Epoque,Jaakonkatu 10,68600,PIETARSAARI,Pietarsaari,JK Hotels & Resorts Ab,10.11.2006,
1837957-3,1008365,Jumbon ravintolamaailma,Vantaanportinkatu 3,1510,VANTAA,Vantaa,HOK-Elanto Liiketoiminta Oy,01.01.2004,
0138753-4,30056162,Amarillo Rauma,Savilankatu 1,26100,RAUMA,Rauma,Osuuskauppa Keula,07.12.2020,
2245981-6,30886059,Sticky Wingers,Tuomiokirkonkatu 17,33100,TAMPERE,Tampere,Priima-Ravintolat Oy,01.01.2025,
3576831-9,30889320,Sake Bar,Porthaninkatu 2,530,HELSINKI,Helsinki,GH Phat Oy,01.01.2026,
2746112-2,30881306,Relove Stockmann Helsinki,Aleksanterinkatu 52,100,HELSINKI,Helsinki,Relove Oy,02.05.2023,
0212329-0,30885108,Solo Sokos Hotel Pier 4,Katajanokanlaituri 4,160,HELSINKI,Helsinki,Sokotel Oy,01.07.2024,
2452378-9,1073623,"Askaisten Holvi, ravintola",Askaistentie 751,21240,ASKAINEN,Masku,Aurexel Consulting Oy,30.03.2022,
0658353-4,30072992,Ravintola Keisarinsatama,Metsontie 41,48220,KOTKA,Kotka,Restel Ravintolat Oy,10.01.2022,
3234570-8,1072744,Ellivuori Ski Cafe,Karkunkyläntie 600,38130,SASTAMALA,Sastamala,Kievarin Herkku Oy,04.12.2021,
3143762-7,30887566,Mummon Tupa,Vieraskuja 4 ,2770,ESPOO,Espoo,SARDER TRADERS OY,14.05.2025,
2268925-9,1076150,Keravan Pizza Kebab palvelu,Kalevankatu 31,4230,KERAVA,Kerava,Hamza Yildirim Tmi,01.01.2023,
3362893-7,30886443,Lapland Arctic Cabins,Lohelankatu 3,98100,KEMIJÄRVI,Kemijärvi,Lapland Arctic Cabins Oy,30.01.2025,
1963346-5,1019796,Purjelaiva Katariina,Kaivokatu 13,94100,KEMI,Kemi,OK-Seilit Ky,07.06.2005,
3303083-9,30888951,Ostola Etappi,Väliväyläntie 828,46530,KANNUSKOSKI,Luumäki,Tunahan Oy,04.11.2025,
2274021-0,1032747,Tennis-Bistro Tali,Kutomokuja 4,380,HELSINKI,Helsinki,Oy BR-Yhtiöt Ab,01.03.2018,
3563417-7,30888993,Hämeenlinnan Keilahalli Oy,Keilakatu 2,13210,HÄMEENLINNA,Hämeenlinna,Hämeenlinnan Keilahalli Oy,01.01.2026,
2875967-6,1059645,China Wok,Mannilantie 20,4400,JÄRVENPÄÄ,Järvenpää,Ravintola China Wok Oy,24.02.2018,
2257261-6,1072361,The Qhair Lounge,Runeberginkatu 4,100,HELSINKI,Helsinki,Koulutuskeskus Unika Hairstyle Oy,18.10.2022,
0920150-3,1058512,"Ristorante Momento, Seppä",Ahjokatu 3 - 5,40320,JYVÄSKYLÄ,Jyväskylä,Momento Fastfood Oy,26.10.2017,
0873697-9,1069543,3642 Ravintola Visio,Televisiokatu 4,240,HELSINKI,Helsinki,Compass Group Finland Oy,05.10.2020,
3344966-4,1076769,Krung Thep Thai Bistro Kalasatama,Capellanranta 4,580,HELSINKI,Helsinki,PTM Thai Ravintola Oy,01.04.2023,
3129471-8,1068188,Kahvila-ravintola Hiidenpirtti,Turuntie 917,9630,KOISJÄRVI,Lohja,Tainan Pirtti Oy,01.06.2020,
1498925-1,1472381,Pub Sääkswille,Pitkäahteentie 1,33880,LEMPÄÄLÄ,Lempäälä,Tmi Tarja Hynynen,01.12.1999,
3265728-5,30881362,Sherpa Food N´Bar,Harjutori 2,500,HELSINKI,Helsinki,Kalika Oy,04.05.2023,
2612603-1,1059634,The Bank,Kouvolankatu 9,45100,KOUVOLA,Kouvola,Soolo Max Oy,01.03.2018,
3064214-3,1068410,Kahvibaari Kukkuma,Metsäkyläntie 393,49540,METSÄKYLÄ,Hamina,Haminan Metsäkylän kyläyhdistys ry,01.06.2020,
3491413-4,30889208,Lo-Rin Express,Kuonomäentie 1,1800,KLAUKKALA,Nurmijärvi,Lo-Rin Express Oy,04.12.2025,03.12.2026
3544436-5,30888481,Vihti Bowling,Juuritie 2,3100,NUMMELA,Vihti,Driftline Oy,01.09.2025,31.08.2026
0920150-3,1061958,Ristorante Momento,Kyläsaarenkatu 25,580,HELSINKI,Helsinki,Momento Fastfood Oy,20.09.2018,
2582252-9,30882496,Ravintola Puksuroom,Pukinmäenaukio 4a,720,HELSINKI,Helsinki,SG Ravintola Oy,17.07.2023,
3442027-3,30885095,Mayhem,Koskikatu 5-7,80100,JOENSUU,Joensuu,Yet Another Company Oy,28.06.2024,
2452550-6,1041313,Huhtaniemen Mökkikylä,Ämmänkoskentie 70,69700,VETELI,Veteli,HT-Monitoimi Oy,01.03.2018,
2902242-2,30069637,Green Hippo Kallio,Fleminginkatu 10,530,HELSINKI,Helsinki,Green Hippo Café Oy,01.11.2020,
2976216-4,30884343,Teboil Kuokkala Lempäälä,Pirkkalantie 2,37550,LEMPÄÄLÄ,Lempäälä,Halko Trading Oy,01.05.2024,
0600421-3,30885057,Ravintola Kerkkä,Simpsiönrinteentie,62100,LAPUA,Lapua,Simpsiönvuori Oy,24.06.2024,
2712854-9,30075912,Tuju Taproom & Shop,Soittokunnanraitti 3,53900,LAPPEENRANTA,Lappeenranta,Panimoyhtiö TuJu oy,01.04.2023,
3194116-1,1071062,Holmantien Pizzeria  & Pub,Pirkanpolku 1,95450,TORNIO,Tornio,Holmantien Pizzeria & Pub Oy,29.04.2021,
1931148-2,1871799,Nallisport,Vellamontie 9,90510,OULU,Oulu,NalliSport Oy,01.03.2018,
2826550-2,30883214,Heinätorin Kioski / HötorgsKiosken,Raatihuoneenkatu 8,68600,PIETARSAARI,Pietarsaari,Hötorgskiosken Ab,01.11.2023,
2828191-6,1073014,Ajito&Sushi Ravintola,Kaivokatu 7,13100,HÄMEENLINNA,Hämeenlinna,Ajito Ravintolat Oy,30.12.2021,
2720448-4,1052209,Ravintola Kallio,Kalliokatu 25,26100,RAUMA,Rauma,Ravintola Kallio Oy,01.12.2015,
3177352-4,30884085,Holiday Bar,Kanavaranta 7,160,HELSINKI,Helsinki,Aunt Florentine's Oyster Oy,02.04.2024,
3372103-1,30882908,Gudas,Mustamäentie  26,4600,MÄNTSÄLÄ,Mäntsälä,Murtsaikkel Oy,02.09.2023,
2378699-0,1037654,Neste Vihantasalmi,Vihannanranta 1,52700,MÄNTYHARJU,Mäntyharju,Nestime Feenix Oy,01.03.2018,
2646122-7,1049136,Nuapuri,Kuopiontie 21,77700,RAUTALAMPI,Rautalampi,Jyrans Oy,23.01.2015,
0187614-3,1030510,Sokos Hotel Levi,Tähtitie 5,99130,SIRKKA,Kittilä,Osuuskauppa Arina,01.01.2009,
3528694-2,30889247,Moi ! Poke,Hatanpään valtatie 1,33100,TAMPERE,Tampere,Kasha Oy,10.12.2025,
2887357-5,1066008,Villit ja viinit,Rautatienkatu 12,33100,TAMPERE,Tampere,MVP Ravintolat Oy,01.08.2019,
2064101-6,1050916,Kerho-ravintola,Poltinahontie 11,13130,HÄMEENLINNA,Hämeenlinna,HPK Liiga Oy,08.06.2015,
2946412-4,1063162,Bar Oma,Aaltosenkatu 31-33,33500,TAMPERE,Tampere,Oma Bar&Event Oy,07.12.2018,
2290066-7,1060199,Hanko Sushi Ratina nro 1214,Vuolteenkatu 1,33100,TAMPERE,Tampere,Sushi World Oy,18.04.2018,
2084214-1,1067224,Bar & Cafe Savotta,Microkatu 1 D-osa 1.krs,70210,KUOPIO,Kuopio,Savonia-ammattikorkeakoulun opiskelijakunta,01.01.2020,
2988248-1,1076660,Racquet Fellows,Tennistie 5,1370,VANTAA,Vantaa,Racquet Fellows Oy,01.04.2023,
3370500-7,30882834,Milliklubi,Kaivokatu 12,100,HELSINKI,Helsinki,Milliklubi Oy,01.01.2024,
2483754-2,1042088,Irlannin Setteri,Rautatienkatu 10,30100,FORSSA,Forssa,Karkyl Oy,23.07.2012,
2740022-3,30883882,Jaakontalon kahvila Pikkufiini,Pastorintie 2,27800,SÄKYLÄ,Säkylä,AKS Catering Oy,02.03.2024,
2467766-5,1043054,ABC Koria,Suviojantie 19,45610,KORIA,Kouvola,Kymen Seudun Osuuskauppa,01.03.2018,
0829184-2,1067233,JIRA Karting,Yrittäjäntie 3,72210,TERVO,Tervo,Lisatrans Oy,01.01.2020,
2716134-9,1053051,Valtuustotalo,Espoonkatu 5,2070,ESPOON KAUPUNKI,Espoo,Espoo Catering Oy,15.03.2016,
3329527-1,1076204,Saluuna,Suolaketie 2,6400,PORVOO,Porvoo,Saluuna 40 Oy,01.01.2023,
3362508-2,30886914,Santala Bar & Lounge,nunnakatu 10,21100,NAANTALI,Naantali,Santala B&L Oy,01.05.2025,30.04.2026
3265547-4,1073442,Tammelan taverna,Hakkapeliitantie 3,31300,TAMMELA,Tammela,Tammelan Taverna Oy,22.02.2022,
1510995-7,30886621,Bar Lännentie,Jäppiläntie 66,78870,VARKAUS,Varkaus,Bar Lännentie,14.02.2025,
1612716-1,1057247,Cafe Anton,Antinkatu 11,28100,PORI,Pori,Porin Olutkulma Oy,30.06.2017,
0606531-5,1071047,Gasthaus Pooki,Ylinenkatu 21,23500,UUSIKAUPUNKI,Uusikaupunki,Pooki Foods Oy,25.05.2021,
1453331-8,1068507,Ravintola Musta Lammas,Satamakatu 4,70100,KUOPIO,Kuopio,Ravintolamestarit Oy,01.06.2020,
3273089-2,30887862,Karaz Kamppi,Lönnrotinkatu 15,120,HELSINKI,Helsinki,Karaz Co Oy,20.06.2025,
1112270-8,1008036,Aitolahden TB-Huoltamon kahvio,Kaitavedentie 95,33680,TAMPERE,Tampere,Aitolahden TB-Huolto Marjo Palander,01.03.2018,
3419696-1,30884262,Amore Pizza Kebab,Iso Kylätie 29,4130,SIPOO,Sipoo,Amore Pizza Kebab T:mi,18.04.2024,
2441559-3,1040764,ÅSS Paviljongen/Pub Albin,Strandpromenaden,22100,MARIEHAMN,Maarianhamina - Mariehamn,Västra Hamnens Restaurangdrift Ab,29.02.2012,
3554924-7,30888683,Mummola Kahvila,Vanhatie 26,2280,ESPOO,Espoo,RA Kitchen Oy,09.09.2025,
2193018-6,1043534,Ääniwalli,Pälkäneentie 13 B,510,HELSINKI,Helsinki,Kuudeslinja Oy,29.04.2016,
1055839-0,30063616,Ravintola Haltia,Nuuksiontie 84,2820,ESPOO,Espoo,Oy Shaba Ab,19.07.2019,
1614402-5,1013222,Hotel Santa Claus,Korkalonkatu 29,96200,ROVANIEMI,Rovaniemi,Hotel Santa Claus Oy,01.12.2001,
3434941-1,30885251,Western & tex mex ravintola Zarillo,Hämeenkatu 34,11100,RIIHIMÄKI,Riihimäki,Zarillo Riihimäki Oy,19.08.2024,
0207220-0,30039599,CafeStella,Maaherrankatu 13,50100,MIKKELI,Mikkeli,Osuuskauppa Suur-Savo,29.03.2018,
3094653-4,1071050,Padel or coffee terrace,Kirkkokatu 15,60100,SEINÄJOKI,Seinäjoki,Padel or Coffee Oy,19.05.2021,
2611664-2,1047772,Ravintola Sumulaakso,Topinkuja 1,45100,KOUVOLA,Kouvola,KooKoo Hockey Oy,01.08.2014,
2902641-5,1074315,Suoravintola,Pölhövaarantie 61,89400,HYRYNSALMI,Hyrynsalmi,Lomana Oy,15.07.2022,
0903702-9,1005808,Tenniskeskus,Luuniemenkatu 40,74100,IISALMI,Iisalmi,Iisalmen Tennisseura ry,01.03.2018,
2542447-5,30888926,Ravintola Ararat pizzeria,Klaukkalantie 55,1800,KLAUKKALA,Nurmijärvi,Klaukkalan Ararat Oy,24.10.2025,
2730886-5,1061602,Kanavan Panimon ravintola,Meijeritie 1,17200,VÄÄKSY,Asikkala,Kanavan Panimo Oy,22.06.2018,
2650706-1,1066924,Regatta SPA Solsidan,Merikatu 2,10900,HANKO,Hanko,Oy Regatta SPA Ab,01.01.2020,
1056551-5,30883265,BowlCircus Levi ja Cafe & Bar Kota,Torikuja 3,99130,SIRKKA,Kittilä,Kimmo Lehtonen Oy,01.11.2023,
3202245-8,30888725,Padel LPR Lentokentäntie,Lentokentäntie 55,53600,LAPPEENRANTA,Lappeenranta,Padel LPR Oy,17.09.2025,
3129653-7,30068324,Ravintola Marina,Dragetintie 108,2400,KIRKKONUMMI,Kirkkonummi,Porkkalan Marina Oy,01.06.2020,
2094592-5,30885873,Lapland Winter Park,Olleronvaarantie 160,96100,ROVANIEMI,Rovaniemi,Nivankylän ajoharjoittelurata Oy,01.11.2024,
2697576-2,1051192,Pöykkölän Piste,Pöykköläntie 5,96400,ROVANIEMI,Rovaniemi,Ravintola Itämeren Hamid ja Ahmad Oy,01.03.2018,
2193018-6,1031899,Ravintola Siltanen,Hämeentie 13 B,530,HELSINKI,Helsinki,Kuudeslinja Oy,10.06.2010,
0873697-9,1075347,3529 Ravintola Hiili,Energiakatu 3,180,HELSINKI,Helsinki,Compass Group Finland Oy,16.09.2022,
1602920-3,30068266,Ravintola Kuharanta,Vierteentie 89,63130,MÄYRY,Kuortane,Kuortane Golf Oy,05.05.2020,
1460745-2,1005113,Kauppatorin Kahvila Makasiini,Kauppatori ranta-aitta nro 1,90100,OULU,Oulu,Kauppatorin Kahvilamakasiinit Oy,11.09.1998,
2498927-1,30884454,KesäkontTORI Einstein,Keskuskatu 8,48100,KOTKA,Kotka,Kotkan Kivipora Oy,18.05.2024,
0140379-2,1069833,Pippurimylly,Stålarminkatu 2,20810,TURKU,Turku,Ravantit Oy,03.09.1975,
3473160-2,30885939,Butter Boys,Aallonhalkoja 5-7,540,HELSINKI,Helsinki,Butter Boys Oy,01.11.2024,
0212371-7,1007472,Opetusravintola Kiesa,Niskakatu 17,80100,JOENSUU,Joensuu,Pohjois-Karjalan Koulutuskuntayhtymä,30.04.1999,
2106807-1,1032420,Rajabaari Puranen,Karesuvanto,99470,KARESUVANTO,Enontekiö,ME Puranen Oy,01.03.2018,
0629797-6,1004025,Kasurilan Hiihtokeskus,Viitonen 1920,71800,SIILINJÄRVI,Siilinjärvi,Huippupaikat Oy,01.03.2018,
3517437-7,30888944,Bröner Rautatieasema,Elielinaukio 3,100,HELSINKI,Helsinki,KGF Group 2.0 Oy,01.11.2025,
3358455-9,30883911,Amos Cafe,Yrjönkatu 27,100,HELSINKI,Helsinki,Café Bonjour Oy,15.03.2024,
2142057-3,1067177,Kotipizza Amurinportti,Mustanlahdenkatu 20,33210,TAMPERE,Tampere,Sawings Oy,01.01.2020,
3171848-8,30888916,Club Cosmopoli,Puuvalonaukio 1 ,4200,KERAVA,Kerava,YusBer Oy,01.11.2025,
3013487-8,1066309,Tapahtumatalo Bank,Unioninkatu 20,130,HELSINKI,Helsinki,Pihka Ravintolat Oy,02.09.2019,
3520016-8,30887556,Pientila Holck,Tiehaara 1,82110,HEINÄVAARA,Joensuu,Ravintola Pientila Holck Oy,15.05.2025,
3464755-8,30886058,Sunrise Nepal,Läkkisepäntie 14,620,HELSINKI,Helsinki,Himali Oy,01.11.2024,
3218345-4,30883870,Kaunis Jorma Saariselkä,Kiveliöntie 3 b,99830,SAARISELKÄ,Inari,Tulikuuma Tunturi Oy,01.03.2024,
3151487-2,1073704,Derby baari,Metsäpellontie 43,15200,LAHTI,Lahti,Avesta Group Oy,01.04.2022,
3501574-7,30886941,Bar & Bistro Lip & Sip,Muusantori 5,350,HELSINKI,Helsinki,FinnSips Oy,01.04.2025,
0626723-2,30059366,m/s J.L. Runeberg,Porvoon jokiranta,6100,PORVOO,Porvoo,Rederi Ab J.L.Runeberg ,01.05.2018,
2927670-5,1066271,Arkade,Kalevankatu 30,100,HELSINKI,Helsinki,Arkade Nights Oy,01.11.2019,
2116222-8,1035071,GT Cafe,Ristihaantie 2,2750,ESPOO,Espoo,Kauniaisten Urheilupuisto Oy,01.03.2018,
3237996-7,30885539,Ravintola Whatever,Itsenäisyydenkatu 3 liikehuoneisto 1,33100,TAMPERE,Tampere,Kenin reseptit Oy,07.08.2024,
0162170-6,1060666,Cafe-Restaurant Kanuuna,Linnalantie 42,54500,TAAVETTI,Luumäki,Etelä-Karjalan Osuuskauppa,29.03.1968,
2940124-6,1062762,Kellari,Olavinkatu 34 LH 33,57130,SAVONLINNA,Savonlinna,Kulttuurihanat avoin yhtiö,02.11.2018,
0664804-3,1876367,St1 Peura,Nelostie 3079b,95350,PEURA,Tervola,Olavi Mäkipeura Oy,12.03.2015,
2403869-5,30049763,Ristijärven Pirtti,Viitostie 48,88400,RISTIJÄRVI,Ristijärvi,Tmi Mikko Ylijukuri,22.07.2019,
1651925-3,30886089,Monomesta Pyhä,Kultakeronkatu 21,98530,PYHÄTUNTURI,Pelkosenniemi,Carbar Oy,15.11.2024,
3139298-3,30886380,KyläRavinteli,Tiisalantie 3,38460,SASTAMALA,Sastamala,Pitsa&Kakku Ravintolat Oy,01.01.2025,
3455548-5,30886048,Osaka sushi,Torikatu 15-17,90100,OULU,Oulu,DaChen Oy,01.12.2024,
2427734-6,30882499,Kart in Club Lahti,Asentajankatu 5,15520,LAHTI,Lahti,Delian Oy,01.08.2023,
2112598-8,1070154,Lunch Hub,"Vanha Nurmijärventie 21, Rak4",1670,VANTAA,Vantaa,Toothpicks and Honey Oy,01.02.2022,
2654971-2,30070630,Ravintola Kommodori,Myllysaarenkatu 12,15900,LAHTI,Lahti,Eventhits Oy,30.04.2021,
1101118-6,1052858,La Torrefazione,Aleksanterinkatu 50 B,100,HELSINKI,Helsinki,La Torrefazione Oy,01.03.2016,
1526322-5,1881116,Kaarestupa,Rajala,99655,SATTASVAARA,Sodankylä,Rajalan maa- ja kotitalousseura ry,01.03.2018,
2331524-0,1050234,Bridget Inn,Kaivokatu 18,21100,NAANTALI,Naantali,Bridget Inn Oy,16.04.2015,
2685006-2,1063121,Selin Kebab Pizza,Pyyvahe 1,26100,RAUMA,Rauma,Selin Kebab pizza Ky,26.11.2018,
0839862-3,1027731,Moko Market Cafe & store,Perämiehenkatu 10,150,HELSINKI,Helsinki,Moko Oy,09.06.2021,
2785604-4,30884875,Vehmaan Grilli Namnam,Vinkkiläntie 34,23200,VINKKILÄ,Vehmaa,Tmi Mila Virtanen,07.06.2024,
3470082-2,30888738,Aurora Grill & Bar,Opintie 1,49900,VIROLAHTI,Virolahti,Acarlar Oy,01.10.2025,
0844003-5,1013748,Ravintola Kesäheinä,Mäntyharjuntie 29,52700,MÄNTYHARJU,Mäntyharju,Taidekeskus Salmela Oy,01.05.2002,
3484324-1,30886087,Amurin Tuoppi,Satakunnankatu 50,33230,TAMPERE,Tampere,Amurin Tuoppi Oy,05.11.2024,
0873697-9,30889068,0646 Saga Munkkiniemi,Dosentintie 12,330,HELSINKI,Helsinki,Compass Group Finland Oy,01.12.2025,
0986855-1,1014562,Kuopion Musiikkikeskuksen ravintola,Kuopionlahdenkatu 23,70100,KUOPIO,Kuopio,Kanresta Oy,01.09.2002,
2189716-0,1062736,S-Pub Jouppilan Vuoren jäähalli,Alaseinäjoenkatu 10,60320,SEINÄJOKI,Seinäjoki,SeiHockey Oy,08.10.2018,
1893206-8,1022581,Ravintola Karhuministeri,Mannerheimintie 51,250,HELSINKI,Helsinki,HALIMA ENTERPRISE,16.05.2006,
1040508-7,30886243,Gastrobar Veitsitehdas,Peltorivi 7,10470,FISKARI,Raasepori,Brukett Oy,01.12.2024,
0712494-6,1068602,Espoon  Kaupunginteatteri,Revontulentie 8 A,2100,ESPOO,Espoo,Espoon kaupunginteatterisäätiö sr,30.07.2020,
3089642-6,30067742,Pancho Villa Satakunnankatu,Satakunnankatu 22,33210,TAMPERE,Tampere,Back In Business Oy,25.04.2020,
2112598-8,1044154,Dylan Kottby,Mäkitorpantie 3,620,HELSINKI,Helsinki,Toothpicks and Honey Oy,08.05.2013,
1848791-0,1033551,Ravintola Saba,Hämeentie 7 B,530,HELSINKI,Helsinki,PUNK SHOP-HELSINKI,01.03.2018,
0113447-3,30889229,Bar & Restaurant Narinke,Malminkatu 26,100,HELSINKI,Helsinki,Kosher & Safety Oy,02.01.2026,
3168833-8,5073843,Gun Point Helsinki,Hankasuontie 5,390,HELSINKI,Helsinki,Gun Point Helsinki Oy,04.04.2025,
3327348-6,30889194,Morris & Mary,Yrjönkatu 12,28100,PORI,Pori,Sweetheart Ravintolat Oy,13.12.2025,
3472482-4,30886560,Wave of Flavors,Sturenkatu 28,510,HELSINKI,Helsinki,Tapana Oy,03.02.2025,
3247297-7,30883651,Cafe Victor,Aurakatu 26,20100,TURKU,Turku,Nanna's Co Oy,25.01.2024,
3279097-5,30889358,Oscar Ravinola,Keskuskatu 24,23100,MYNÄMÄKI,Mynämäki,mta Ravintola Oy,13.01.2026,
3092395-7,1068475,Ravintola Olarin Kulma,Kuunkatu 3,2210,ESPOO,Espoo,Niks Oy,01.06.2020,
1837957-3,1059327,Bistro,Aleksanterinkatu 52,100,HELSINKI,Helsinki,HOK-Elanto Liiketoiminta Oy,02.01.2018,
2201860-7,30886659,Boomers bar,Hatanpään valtatie 4,33100,TAMPERE,Tampere,Vinoteca Oy,03.03.2025,
2370168-6,30884370,Hemingway's Tennispalatsi,Fredrikinkatu 65,100,HELSINKI,Helsinki,Tulikuuma Kumpu Oy,03.05.2024,
3280659-4,1075540,Hook Lahti,Rautatienkatu 21,15110,LAHTI,Lahti,Lahden Koukkuravintolat Oy,10.10.2022,
1863139-6,1771619,Utulan Kauppa/Kahvio,Utulantie 1045,56330,UTULA,Ruokolahti,Sapeki Ky,01.03.2018,
3488471-3,30886391,Cafe Bar Palaveri,Koulukatu 22,60100,SEINÄJOKI,Seinäjoki,Pulivari Oy,08.01.2025,
1927549-3,1071227,Jokeri kuppila /Ylläs-Ski,Varkaankuru,95970,ÄKÄSLOMPOLO,Kolari,Kurun Pojat Oy,12.05.2021,
2021781-3,1054729,Kahvila Tito,Porokatu 26,96400,ROVANIEMI,Rovaniemi,Kahvila TITO Ky,05.09.2016,
0984713-6,1068867,Woman Volley Pub,Hiihtomajantie 2,96400,ROVANIEMI,Rovaniemi,Arctic Volley Rovaniemi Ry,16.07.2020,
3383154-8,30883242,Ravintola Pukkilaukka,Teollisuustie 10,37600,VALKEAKOSKI,Valkeakoski,POR RESTAT OY,01.11.2023,
3380741-7,30882889,Ravintola Brahe,Raatihuoneenkatu 3,13100,HÄMEENLINNA,Hämeenlinna,Braheravintolat Oy,01.09.2023,
3258529-3,30883468,XO Center,Keinukalliontie 2 ,4220,KERAVA,Kerava,XO Health Oy,01.01.2024,
2009811-3,30885801,Kulma ravintola baari,Soidintie 8,700,HELSINKI,Helsinki,STALON ENTERPRISE,01.10.2024,
3418986-8,30887409,Sillien Rantalaituri,Rautavedenkatu 20,38200,SASTAMALA,Sastamala,VillitSillit Oy,30.04.2025,
1944120-1,30889110,Bar Teos, Aleksis Kivenkatu 17 A,510,HELSINKI,Helsinki,Samot Oy,01.02.2026,
0647239-1,1062430,Finnkino Cine Atlas,Hatanpään valtatie 1,33100,TAMPERE,Tampere,Finnkino Oy,01.09.2018,
0910257-2,1040017,Restaurant Le Blason,Possentie 7,13200,HÄMEENLINNA,Hämeenlinna,Osuuskauppa Hämeenmaa,01.01.2012,
0725798-4,30064503,Juustosoppi,Hämeenkatu 19,33200,TAMPERE,Tampere,Juustosoppi Oy,09.04.2019,
1528457-9,30884257,Anniskelukatsomo Pulssi,Kisatie 9,1800,KLAUKKALA,Nurmijärvi,Nurmijärven Jalkapalloseura ry,01.05.2024,
3331842-9,1076328,Corner Pub,Kotkantie 29,48200,KOTKA,Kotka,Berloga Oy,11.01.2023,
2603685-3,1055171,Wanha Marttala,Keskustie 56,19600,HARTOLA,Hartola,Hartolan Wanhamatkis Oy,01.11.2016,
1656765-0,30051236,Birdie Numnum,Hämeentie 2,530,HELSINKI,Helsinki,CMB Restaurants Helsinki Oy,27.04.2020,
3422966-3,30883918,Rimpsu-Reetan Ankkuri,Lammassaarentie 15,55420,IMATRA,Imatra,Reetta Tuuha Oy,27.03.2024,
3452406-4,30885366,Ravintola Kassandra ,Tainionkoskentie 68 ,55120,IMATRA,Imatra,Xassandra Oy,16.07.2024,
3346905-9,30884563,Murskan Paratiisi,Turuntie 385 ,32100,YPÄJÄ,Ypäjä,Murskan Viihdekeskus Oy,14.05.2024,
3572916-8,30889380,Barcelo,Uudenmaankatu 16,120,HELSINKI,Helsinki,Silver Sound Oy,02.02.2026,
3494067-4,30886513,Pinocchio,Laivurinkatu 37 F35,150,HELSINKI,Helsinki,Viinibaari Pinocchio oy,10.02.2025,
3408913-8,30886316,Bistro Redo,Maapallonkuja 1 B ,2200,ESPOO,Espoo,Niksbar Oy,05.12.2024,
0532960-6,1007529,Lillby Ungdomsförening Klacken,Lillbyvägen 215,68940,LILLBY,Pedersören kunta,Lillby ungdomsförening r.f.,01.03.2018,
0807515-4,1028814,Kemin Puistopaviljonki,Urheilukatu 1,94100,KEMI,Kemi,Kemin Puistopaviljonki Ky,20.05.2008,
2612327-9,30060319,Neste Naantali Liikenneasema,Ripikatu 2,21110,NAANTALI,Naantali,Linna yhtiöt Oy,01.02.2019,
2070827-6,30888705,Ylivieskan kulttuurikeskus Akustiikka,Koulukatu 2 B,84100,YLIVIESKA,Ylivieska,Ravintola Pikkuveli Oy,18.09.2025,
2320997-4,1073665,Kotisaari,Kemijoki Kirkonjyrhämä,96300,ROVANIEMI,Rovaniemi,Lapland Safaris Oy,29.03.2022,
3237637-9,30072457,Veistämö,Linnankatu 63,20100,TURKU,Turku,Telakkaruokala Oy,01.11.2021,
1501980-4,1061707,Kipsari,Otaniementie 14,2150,ESPOO,Espoo,Kipsari Oy,20.08.2018,
3439358-6,30885857,Olkkari,Sumiaisraitti 43,44280,SUMIAINEN,Äänekoski,Visp Ravintolat Oy,03.10.2024,
2906336-3,1070428,Kaffestugan Oravainen,Vaasantie 119,66800,ORAVAINEN,Vöyri,Kaffestugan Oravainen,01.05.2021,
2413811-9,1076165,Ravintola Kaisla,Mustikkarinteentie 2 B,73300,NILSIÄ,Kuopio,Pitomesta Ky,16.12.2022,
1075218-5,30885779,Liekkibaari,Närhitie 2,84100,YLIVIESKA,Ylivieska,Popula-Team 90 ry,21.09.2024,
0904870-5,1074109,Kymppipaikka,Urheilukatu 20,67100,KOKKOLA,Kokkola,Länsirannikon Biljardi Oy,20.04.2022,
3275710-4,1074520,Yamy Bar & Bistro,Sörnäisten rantatie 10,530,HELSINKI,Helsinki,Maliks Oy,01.06.2022,
3391017-4,30884445,Oishi 18 sushi&bar,Pohjoinen hesperiankatu 15,260,HELSINKI,Helsinki,Töölön Keisari Oy,02.05.2024,
2309179-3,1034527,Villa Kosthåll,Rantakaari 16,10680,SKOGBY,Raasepori,Oy Villa Kosthåll Ab,14.04.2010,
1837957-3,1036412,William K.,Mannerheimintie 72,250,HELSINKI,Helsinki,HOK-Elanto Liiketoiminta Oy,01.01.2004,
1062150-5,30060804,Kuortaneen urheiluopiston ravintola,Opistotie 1,63100,KUORTANE,Kuortane,Oy Kuortane Sports Management Ltd,14.05.2018,
3115198-7,30886725,Padel Club Kuopio,Siikaranta 9 C,70620,KUOPIO,Kuopio,Padel Kuopio Oy,01.03.2025,
3275919-3,30076849,Gullkrona Bistro,Gullkrona,21650,LILLANDET,Parainen,Ab Skäri Ben - Saaristo Ben Oy,29.04.2023,
2997132-9,30885718,Levi Spirit Lounge,Honkatie 1,99130,SIRKKA,Kittilä,North Pole Catering Oy,12.09.2024,
1590945-2,30073834,Ravintola Tulikukko,Sapokankatu 3,48100,KOTKA,Kotka,Kotkan Saaret Oy,23.03.2023,
3337619-4,30883909,Wanha Makasiini Bistro,Satamatie 4,53900,LAPPEENRANTA,Lappeenranta,Dibat Oy,01.04.2024,
0928086-2,30049525,Outokummun Golf Seuran klubi,Keretintie 1,83500,OUTOKUMPU,Outokumpu,Outokummun Golf Seura ry,01.06.2018,
1583676-7,30010146,Varjolan Tila,Vilppulantie 51,41370,KUUSA,Laukaa,Varjolan Tilan Matkailu Oy,09.08.2018,
1407861-8,1278127,Ruokala-Kahvila Metso,Kinnulantie 725,69450,YLI-LESTI,Lestijärvi,Valkeisjärven leirintäalue,01.03.2018,
1952494-7,1067471,"Hook, Levi",Laaksokuja 6,99130,SIRKKA,Kittilä,NoHo Partners Oyj,06.02.2020,
1605722-0,30887048,Cafe Brahen kulma,Läntinen Brahenkatu 6,510,HELSINKI,Helsinki,Brahen Kulma,01.04.2025,
3036321-6,30889336,Kauniaisten kouluyhdistuksen hyväntekeväisyystanssiaiset,Kasavuorentie 1,2700,KAUNIAINEN,Kauniainen,Kauniaisten kouluyhdistys r.y.,31.01.2026,31.01.2026
2864343-8,1061040,Aulavan Huvikeskus,Rannankyläntie 133,63340,SAPSALAMPI,Alavus,Aulava oy,20.06.2018,
3139460-4,1071094,Waudevilla,Saaristotie 755,21610,KIRJALA,Parainen,Oy Joventus Ab,01.06.2021,
3009848-3,30883932,UUNI Pizzeria Raisio,Purokatu 2,21200,RAISIO,Raisio,Nordic Pizza Company Oy,13.03.2024,
1069907-0,30015995,Oluthuone Leskinen,Kirkkokatu 10,90100,OULU,Oulu,Fourmen Finland Oy,23.03.2018,
2839575-3,1057862,Ravintola Harlekiini,Kauppatori 1,5800,HYVINKÄÄ,Hyvinkää,Juhla-Harlekiini Oy,13.07.2017,
0849112-3,30883701,Ravintola Peura ja taukokioski Piccadilly,Peuramaantie 152,2480,KIRKKONUMMI,Kirkkonummi,Oy Peuramaa Golf Hjortlandet Golf Ab,01.02.2024,
2688568-7,1051095,Kahvila-Ravintola Arkadia,Saarenrannantie 12,95230,MAKSNIEMI,Simo,Kotieläinpuisto Arkadia Oy,01.03.2018,
3079344-3,30887455,Leppävirran golfkentän kahvio,Konnuksentie 400,79100,LEPPÄVIRTA,Leppävirta,Leppävirran Golfseura ry,15.05.2025,
3370503-1,30883820,Gastro Hub,Unioninkatu 30,100,HELSINKI,Helsinki,Gastronomy Group OY,20.02.2024,
0873697-9,1069756,3424 Ravintola Isku Center,Mukkulankatu 19,15210,LAHTI,Lahti,Compass Group Finland Oy,10.11.2020,
2495228-4,1043609,Thai Orchid i Mariehamn,Mariebad - Österleden,22100,MARIEHAMN,Maarianhamina - Mariehamn,Thai Orchid i Mariehamn Öppet Bolag ,01.11.2021,
1476378-9,1068233,Pizzeria Riviera,Hallikatu 6,26100,RAUMA,Rauma,Lindencenter Oy,01.10.1998,
0536307-0,1021394,Sokos4,Hämeenkatu 21,33100,TAMPERE,Tampere,Pirkanmaan Osuuskauppa,01.03.2018,
3214437-5,1072083,Karjatupa,Rehulantie 1,90140,OULU,Oulu,Pub Karjatupa Oy,30.07.2021,
3521596-8,30888860,Terho Hills,Teijontie 345,25570,TEIJO,Salo,Terho Restaurants Oy,01.11.2025,
3093306-3,1076095,Kakolan Vintti,Graniittilinnankatu 2 K,20100,TURKU,Turku,Hotel Kakola Oy,01.02.2023,
3398968-7,30883514,Los Lompolos,Sivulantie 5E,95970,ÄKÄSLOMPOLO,Kolari,Los Pois Oy,15.12.2023,
2803428-8,1056441,Ravintola Pirkon Pirtti,Honkapolku 2,99830,SAARISELKÄ,Inari,Catering Mestarit Ivalo Oy,01.04.2017,
2282490-8,1067673,Thai Orchid Villa Kampin keskus,"Urho Kekkosen katu 1, 1.krs",100,HELSINKI,Helsinki,AV Thai Kitchen Oy,01.04.2020,
3107607-5,1072902,Padel Vihti / Padelpaja,Kalkkimäentie 8,3100,NUMMELA,Vihti,MLM Sports Oy,08.12.2021,
2925817-9,1068734,Järvenpään Keskusurheilukenttä,Urheilukatu 8,4430,JÄRVENPÄÄ,Järvenpää,JäPS Oy,17.06.2020,
1597853-8,30076066,Hokki / Äijänsuon jäähalli,Nortamonkatu 23,26100,RAUMA,Rauma,Rauman Lukko Oy,30.07.2018,
3391343-9,30883304,Pretty Boy REDI,Hermannin rantatie 5,580,HELSINKI,Helsinki,HoneyBuns Eatery Oy,03.11.2023,
3523251-4,30888331,Fivetti,Capellanranta 4 b,580,HELSINKI,Helsinki,Dicielo Oy,15.07.2025,
0998847-3,1079545,Tyry viinitila,Pekkojärventie 118,52700,MÄNTYHARJU,Mäntyharju,Tyry Oy,16.05.1997,
3159240-8,1071215,Casa Haga,Kylätie 25 A,320,HELSINKI,Helsinki,MKOR Que Rico Oy,21.05.2021,
3249108-6,30889468,Ravintola  Degerby Gille,Sepänkuja 4,7900,LOVIISA,Loviisa,Lunch & Catering Fellman Oy,02.02.2026,
3375631-4,30885707,Club FAME,Satakunnankatu 18,33700,TAMPERE,Tampere,Restaykkönen Oy,16.09.2024,
0138288-0,30888646,Kukko-aitio,Kisakatu 4,21200,RAISIO,Raisio,Raision Loimu ry,03.09.2025,31.05.2026
2236824-4,1068366,Pizzeria Kulma,Ketunkopintie1,5100,RÖYKKÄ,Nurmijärvi,soro cuwan,01.06.2020,
2187797-9,1028742,Punainen Härkä,Temppelikatu 2,48700,KOTKA,Kotka,Punainen Härkä avoin yhtiö,07.10.2010,
2033337-1,30037105,Holiday Club Tampereen Kylpylä,Lapinniemenranta 12,33180,TAMPERE,Tampere,Holiday Club Resorts Oy,01.05.2018,
3111258-2,30887458,Levykauppa 33 RPM Oy,Isokatu 12,67100,KOKKOLA,Kokkola,Levykauppa 33 RPM Oy,06.05.2025,
0178400-3,1009136,Jurvan Järvenpään Nuorisoseura,Järvenpääntie 135,66360,KESTI,Kurikka,Jurvan Järvenpään Nuorisoseura ry c/o  Jaakko Ojala,01.03.2018,
3464136-7,30888035,Vanha Mylly,"Karrinkatu, 1",21200,RAISIO,Raisio,Vanha Mylly,18.06.2025,
1462120-3,1019607,Ravintola Hovi,Keskustie 12,52200,PUUMALA,Puumala,Sky-Bar Ravintolat Oy,16.05.2005,
2311594-3,30888324,Leton Laivuri grilli,Koivuletontie 46,95470,TORNIO,Tornio,SADIQ KY,15.07.2025,
2174603-9,30887051,Cafe Kuutti,Meripellontie 11 A,910,HELSINKI,Helsinki,Tmi Sari Kuutti / Cafe Kuutti,01.04.2025,
1447914-7,1026173,Hilton Helsinki-Vantaa Airport,Lentäjänkuja 1,1530,VANTAA,Vantaa,Scandic Hotels Oy,13.08.2007,
0589933-4,1066400,m/s Camilla,Matkustajasatama,53100,LAPPEENRANTA,Lappeenranta,Karelia Lines Oy,01.01.1960,
0662963-5,30042331,Linnankrouvi,Hållsnäsintie 89,10360,MUSTIO,Raasepori,Oy Svartå Gård Ab,28.06.2018,
3137813-7,30073836,Beachbar Plagen,Appelgrenintie 12/ Tennisranta,10900,HANKO,Hanko,Hanko Beach Club Oy Ab,14.06.2022,
3335081-6,1076644,Pizzeria Dennis,"Linnakatu 17, lh 15 ja 16",20100,TURKU,Turku,Dennis Original Oy,04.04.2023,
2201860-7,30053049,Sailor's Bar & Grill,Hatanpään valtatie 4,33100,TAMPERE,Tampere,Vinoteca Oy,06.04.2018,
2467766-5,1043055,ABC Kausala,Hallitie 1,47400,KAUSALA,Iitti,Kymen Seudun Osuuskauppa,01.03.2018,
1945595-3,1075297,Kiskon ravintola,Toijantie 13,25460,KISKO,Salo,Tmi BILGI,01.09.2022,
0658353-4,30056243,"Wanha Mestari, Riihimäki",Kauppakatu 6,11100,RIIHIMÄKI,Riihimäki,Restel Ravintolat Oy,14.06.2021,
0222349-4,1074435,Åminne Folkpark,Paviljongvägen 21,66100,MAALAHTI,Maalahti,Åminne Folkpark r.f.,02.06.2022,
2389639-9,1038215,Finnresta,Ilmailunkatu 20,33900,TAMPERE,Tampere,Finland Restaurants Oy,01.07.2011,
3171341-7,1076803,Luoto Kuopio,Makasiininkatu 5,70100,KUOPIO,Kuopio,Isompi Visio Oy,14.04.2023,
2442454-5,30881762,Casa Italia Savonlinna,Satamapuistonkatu,57130,SAVONLINNA,Savonlinna,Maavoima Oy,01.06.2023,
2837784-6,1075235,Perämeren Jähti,"Rantabulevardi, sisäsatama",94100,KEMI,Kemi,Hyvän Tuulen Seilit Oy,01.08.2022,
3156771-2,30069985,Rondo Beerhouse,Latokartanonkaari 23,790,HELSINKI,Helsinki,Boliv Oy,15.01.2021,
1541069-4,30076343,John Scotts Arkadia,Salomonkatu 1,100,HELSINKI,Helsinki,Oy Kopparberg Finland Ab,20.03.2023,
3512871-7,30887309,Ravintola Best,Schaumanin puistotie 10,40100,JYVÄSKYLÄ,Jyväskylä,BAAZ GROUP OY,01.05.2025,
2931344-9,30883203,Ripasso Pizza&wine,solvikinkatu 11,990,HELSINKI,Helsinki,Ravintola Ripasso Oy,25.10.2023,
3117144-3,30068131,Örö linnakesaari,Örön saari / Kemiönsaari,25930,KASNÄS,Kemiönsaari,Nimbus Gruppen Oy,15.04.2020,
2299527-2,1053214,Karaoke Bar Helmi,Väinönkatu 7,40100,JYVÄSKYLÄ,Jyväskylä,Euro-Dynamics Oy,01.04.2023,
3351705-7,30889391,KIIKKU,Hupisaarten kaupunginpuisto,90100,OULU,Oulu,Kahvila Kiikku Oy,16.01.2026,15.01.2027
2414926-4,1076486,Logomo,Junakatu 9,20100,TURKU,Turku,Logomo Oy,01.03.2023,
2965237-9,30889088,Skýra retreat,Ahventie 77,96900,SAARENKYLÄ,Rovaniemi,Norvajärvi Arctic Resort Oy,17.11.2025,
2861485-6,30884906,Pyynikin Brewhouse,Puistokatu 2-4,40100,JYVÄSKYLÄ,Jyväskylä,Pyynikin Brewery Restaurants Oy,20.06.2024,
3116958-9,30884031,Luckiefun's Sushibuffet Kirkkokatu,Kirkkokatu 17,90100,OULU,Oulu,Itä Herkku Oy,25.03.2024,
0920150-3,1039108,Ristorante Momento (Karisma),Kauppiaankatu 2,15160,LAHTI,Lahti,Momento Fastfood Oy,01.11.2011,
3321909-2,1076057,Ristorante La Fresco,Hämeenkatu 25-27,11100,RIIHIMÄKI,Riihimäki,Amed-Mar Oy,25.11.2022,
3171508-4,30887910,Lyhty Ravintola ,Haapasaarentie 5,44500,VIITASAARI,Viitasaari,Simmarin Helmi Oy,06.06.2025,
3333576-3,1076659,PSTA,Vellamonkatu 2,33100,TAMPERE,Tampere,Pasta La Vista Oy,15.03.2023,
2625089-2,1048306,Keuruun jäähalli / Metsä-Multia Areena,Einari Vuorelantie 6,42700,KEURUU,Keuruu,KeuPa Hockey Oy,01.03.2018,
3342705-1,30886607,Ravintola Kopo,Hallituskatu 22,33200,TAMPERE,Tampere,Central 22 Oy,07.02.2025,
1940601-9,1018394,Jussin Tupa,Muukontie 19,53400,LAPPEENRANTA,Lappeenranta,Jussin Tupa Ky,01.06.2005,
3511526-2,30887934,CAFÉ BERRY,Annankatu 27,100,HELSINKI,Helsinki,Goodness BerryCo. Oy,15.06.2025,
3474165-9,30887109,Bröner Lentoasema,Lentoasemantie 1,1530,VANTAA,Vantaa,Harodi 2.0 Oy,07.04.2025,
3360513-7,30882970,Chingu ,Tukkutorinkuja 2 C 55,580,HELSINKI,Helsinki,Tasty Asian Room Oy,01.10.2023,
2799862-4,1056595,Pizzeria Merenneito,Kauppatie 8,58500,PUNKAHARJU,Savonlinna,Evrim Avoin yhtiö,01.03.2018,
2199747-9,30888794,LH Catering Karhunpesä,Karhunpesäntie 1,97220,SINETTÄ,Rovaniemi,Lapland Hotels Lappi Oy,01.10.2025,
3276540-3,1074515,Crazy Horse,Jyväskyläntie 2,69950,PERHO,Perho,Baari Seksen Tmi Ibrahim Can Yilmaz,17.06.2022,
0968997-5,1043389,Ravintola La Barre,Torikatu 21,80100,JOENSUU,Joensuu,Abuelos Oy,25.10.1986,
1539854-1,30476126,Ravintola Hurrikaani,Rautpohjankatu 10,40700,JYVÄSKYLÄ,Jyväskylä,JYP Jyväskylä Oy,04.03.2020,
0740745-2,30067752,Kokkolan Golf ravintola,Hepo-Ventuksentie 2,67800,KOKKOLA,Kokkola,Kokkolan Golf - Gamlakarleby Golf ry,25.03.2020,
1825445-5,1049877,Bock's Corner Brewery,Gerbyntie 16,65230,VAASA,Vaasa,Bock's Corner Brewery Oy,23.09.2016,
3520468-7,30887474,Hill´s Dumplings,Kalevankatu 17,100,HELSINKI,Helsinki,Hills Ravintolat Oy,01.06.2025,
3588529-1,30889347,Ravintola Mamma Mia,Tähkäkuja 3,1370,VANTAA,Vantaa,Arong Oy,15.01.2026,
3525518-5,30887867,Ståhlberg Urjala,Turunväylä 52,31760,URJALA,Urjala,Ståhlberg Kahvilat Urjala Oy,25.06.2025,
2229409-7,1030812,Kahvila-Ravintola Iltalypsy,Lähteentie 10 A,74700,KIURUVESI,Kiuruvesi,Iltalypsy Oy,05.01.2009,
3384066-3,30883550,Ravintola Jing Bay ,Punasillantie 4,40950,MUURAME,Muurame,Zheng Lifang,21.12.2023,
2192908-9,1028984,Pikku Matami,Töyryntie 2,26100,RAUMA,Rauma,Kaisan Kuppila Oy,30.05.2008,
0609596-0,1063501,Puutorin Vessa,Puutori,20100,TURKU,Turku,Oy Afor-Finland Ab,01.02.2019,
3203758-8,1071112,H'Noi Vietnamese Bistro,Hämeentie 94 L3,550,HELSINKI,Helsinki,Le Ngoc Huyen Nguyen HNOI HKI 99 tmi,06.05.2021,
0893584-7,1014031,Harjumaan Seurantalo,Pajulantie 8 A,51420,HARJUMAA,Mikkeli,Harjumaan Kajastus Ry ,01.03.2018,
3089387-4,30066819,Lomahotelli Jämi,Jämintie 659,38800,JÄMIJÄRVI,Jämijärvi,Hovila Service Oy,26.05.2020,
2468551-8,1042464,KallioHovi,Vaasankatu 17,500,HELSINKI,Helsinki,LEGENDS HOVI OY,30.10.2012,
3241855-9,30887531,Postmaster Hotel,Postikatu 1,96100,ROVANIEMI,Rovaniemi,Quality Rentals Rovaniemi Oy,12.05.2025,
3549588-3,30888672,Rata58,Tervantie 15 ,42700,KEURUU,Keuruu,Rata58 Oy,15.09.2025,
2244942-3,1031315,Ravintola Jet Set,Satamakatu 3,95400,TORNIO,Tornio,Ravintola Jetset Oy,17.02.2009,
3433065-7,30885696,Boneless Flemari,Fleminginkatu 21b,530,HELSINKI,Helsinki,KRF enterprise Oy,05.09.2024,
3352667-4,30885229,Happy Badger Board Game Café,Kristiinankatu 9 A 7,20100,TURKU,Turku,Happy Badger Game Experiences Oy,15.07.2024,
2922955-4,30888347,Tikkurilan Lysti,Vernissakatu 3,1300,VANTAA,Vantaa,Tammisto Catering Oy,04.08.2025,03.08.2026
3115279-5,30884915,Rautaranta Outdoor Gym,Sörnäisten rantapromenadi,530,HELSINKI,Helsinki,Rautaranta Oy,07.06.2024,
3500597-9,30886930,PiispanPysäkki,Viitostie 806 C,89760,PIISPAJÄRVI,Suomussalmi,Henjan Oy,01.05.2025,
3090647-9,1067042,Bar Hesari,Helsinginkatu 13 B 3,500,HELSINKI,Helsinki,LV Nightlife Oy,01.12.2019,
2847425-9,30058175,Tiiranta,Tiirantie 1,25630,SÄRKISALO,Salo,Tiiranta Oy,01.07.2018,
3420363-1,30884245,Wanhan  Haarlan  Lounastupa,Haarlankatu 4,33230,TAMPERE,Tampere,Pirjo Heinonen Oy,01.05.2024,
0591728-0,1787120,Koitin Kuppila,Koitintie 1239,19540,KOITTI,Hartola,Vehkalahden Kauppa Ky,01.03.2018,
3189488-7,30888064,Pappila,Pappilantie 10,95220,SIMONIEMI,Simo,Wonderland of Lapland Oy,18.06.2025,
3278471-9,30887952,K & Sushi,Kauppakatu 19,44100,ÄÄNEKOSKI,Äänekoski,Yingrui Oy,11.06.2025,
2356869-4,30038993,Putte's Bar & Pizza,Kalevankatu 6,100,HELSINKI,Helsinki,Kettupojat Oy,01.04.2018,
3012856-6,1070943,Fabe,Runeberginkatu 36,6100,PORVOO,Porvoo,RS Management Oy,01.06.2021,
1635074-2,30887489, Honka Cafe & Bar ,Sibeliuksenkatu 25 ,4400,JÄRVENPÄÄ,Järvenpää,Cic.World Oy,08.05.2025,
1521105-4,1059625,Hotelli Marilyn,Harjavallankatu 14,29200,HARJAVALTA,Harjavalta,SV-Ravintolat Oy,28.05.1999,
2022390-6,30885854,Auretar,Länsi-aureentie 853,34530,LÄNSI-AURE,Ylöjärvi,EX-Tuote,08.10.2024,
2658088-3,30050773,Solmu Pub,Vaasankatu 8 LH 2,500,HELSINKI,Helsinki,Harjun Somat Oy,14.05.2020,
3592639-9,30889474,Pub Pesä,Toivolantie 1,28400,ULVILA,Ulvila,Laageri Oy,01.03.2026,
0922994-4,1047596,Neste Oil Lompolontie,Lompolontie 2,99600,SODANKYLÄ,Sodankylä,Mokot Oy,01.03.2018,
2872001-8,30071779,Olo Centre,Päivärinteentie 10,58180,IHAMANIEMI,Enonkoski,Nature Solutions Oy,01.07.2021,
3308846-7,1075534,Ståhlberg Lunch & Catering,Näsilinnankatu 26,33200,TAMPERE,Tampere,RB&AT Catering Oy,24.10.2022,
0432504-8,1054557,Design House Idoli,Ukonjärventie 105,99800,IVALO,Inari,Idoli Oy,01.09.2016,
2929856-8,30064332,Walters Pub,Suupantie 2 L 6,33960,PIRKKALA,Pirkkala,Ramintola Oy,01.11.2020,
2785854-1,30067194,Kotipizza Järvenpää,Helsingintie 44,4430,JÄRVENPÄÄ,Järvenpää,KPR-Food Oy,15.12.2019,
2550222-6,1045351,Pizzabistro Marco Polo,Hovioikeudenpuistikko 11,65100,VAASA,Vaasa,Mat36 Oy,01.03.2018,
3460739-6,30889099,Burger Company Levi,Hissitie 11,99130,SIRKKA,Kittilä,Fast Food Espoo Oy,21.11.2025,
3527515-1,30888751,Sotto Pizzeria Munkkiniemi,Laajalahdentie 17,330,HELSINKI,Helsinki,Mizo Oy,01.10.2025,
1476232-1,1776043,Kyläkuppila Käpälämäki,Pohjalankilantie 1888,56440,POHJALANKILA,Ruokolahti,Käpälämäki-Baari Ky,01.03.2018,
3137894-6,30881933,Elsa,Ylläksentie 168,95900,KOLARI,Kolari,Sirly Oy,12.06.2023,
2858884-6,1058936,Sushi Like,Ratastie 13 D,3100,NUMMELA,Vihti,Zhijian Li T:mi,07.11.2017,
3527680-8,30887579,Players Inn,Sammonkatu 39L3,33540,TAMPERE,Tampere,Odette Ravintolat Oy,06.06.2025,
0961508-7,1054017,Kimingin nuorisoseuran kahvila,Piippuhitsarintie 60,43520,KIMINKI,Karstula,Kimingin Nuorisoseura ry ,01.03.2018,
1004940-6,1072532,Jannen Saluuna - Jannes Saloon,Kuusisaari,65280,VAASA,Vaasa,Oy Vaasan Saaristopalvelu Vasa Skärgårdservice Ab,15.10.1993,
0144879-8,1066359,m/s Alfågeln kiosk och café,Hummelvik,22550,VÅRDÖ,Vårdö,Ålands Skärgårdsrederi Ab,01.11.2021,
2480124-0,30888202,Niska Ekenäs,Strandallén 3 ,10600,TAMMISAARI,Raasepori,Lakris Ab,17.07.2025,16.07.2026
2951514-7,1073676,Deniss Kebab Pizza,Vapaudenkatu 4,30100,FORSSA,Forssa,Deniss M&A Oy,11.03.2022,
2596525-5,1059462,60's Palaver,Kauppakatu 22,80100,JOENSUU,Joensuu,60's Palaver Oy,01.03.2018,
2862247-7,1063330,Pihlajan Pizzatalo ja Kahvila,Satamakatu 14,67900,KOKKOLA,Kokkola,Pihlajan Pizzatalo ja Kahvila,13.12.2018,
3336702-8,30882784,Ravintola KOBE SUSHI,Martinkatu 3,20810,TURKU,Turku,Hyvää Bubble Oy,16.08.2023,
1773266-2,30886991,Kosken Tähti,Pappilantie 2,31500,KOSKI TL,Koski Tl,Kestelli,31.03.2025,
2458663-2,30883931,Ravintola Pursiseura,Rantabulevardi 31,94100,KEMI,Kemi,Hullu Poro Oy,01.05.2024,
2036064-4,30887692,Nuppolan Grilli,Hattelmalantie 35,13100,HÄMEENLINNA,Hämeenlinna,Tmi Markus Kemiläinen,26.05.2025,
3184654-3,30889150,Ravintola Wan Aroy,ROIHUVUORENTIE 1,820,HELSINKI,Helsinki,Wan Wan Oy,25.11.2025,
3521922-1,30889006,Buru Teppanyaki & Sushi,Aurakatu 12a,20100,TURKU,Turku,Teppanyaki Turku Oy,07.11.2025,
1539726-6,1008523,Klubiravintola,Vilhonkatu 13 G,50100,MIKKELI,Mikkeli,Mikkelin Kilta ry,01.09.1999,
3238414-1,30889189,Luksun Grilli Uuperi,Viirankankaantie 237,49520,REITKALLI,Hamina,Unelmaansa Oy,02.12.2025,
2356869-4,1072726,Putte's Pizza Tikkurila,Unikkotie 5 A,1300,VANTAA,Vantaa,Kettupojat Oy,01.12.2021,31.01.2026
0155602-7,30888170,Ravintola Medisiina,Aapistie 5,90220,OULU,Oulu,Juvenes Oy,01.08.2025,
3093376-8,30884900,Barbers & Beer Company KALLIO,Neljäs linja 17-19,530,HELSINKI,Helsinki,Barbers & Beer Oy,06.06.2024,
2557644-4,1045516,Hanki Baari,Rukankyläntie 11,93830,RUKATUNTURI,Kuusamo,Hanki Baari Oy,16.10.2013,
2330085-8,1059155,Bar Brode,Merenkäynti 3,2320,ESPOO,Espoo,Felt Bay Pub Oy,01.01.2018,
2444594-4,1052694,Ravintola HellaHuone,Yrjönkatu 22,28100,PORI,Pori,TaRiNi Oy,04.05.2016,
2370168-6,1058520,Pub Jälkipeli,Mikonkatu 5,50100,MIKKELI,Mikkeli,Tulikuuma Kumpu Oy,03.10.2017,
0762343-8,1056482,Ravintola Rodolfo,Kirkkokatu 5,170,HELSINKI,Helsinki,Casa Ravintolat Oy,01.04.2017,
1774159-3,30886960,Niittyahon tila,Niittuahontie 60,40950,MUURAME,Muurame,Niittyahon tila,01.05.2025,
1549988-7,30008049,Café Bar Valimo,Suomenlinna B 13,190,HELSINKI,Helsinki,Viabar Oy,13.05.2020,
3223873-4,1071995,Viljos Icebar jäähalli,Kisakatu 31,44200,SUOLAHTI,Äänekoski,Viljos Ravintolat Oy,17.08.2021,
0567671-2,30883604,Babista Ideapark Seinäjoki,Suupohjantie 57,60320,SEINÄJOKI,Seinäjoki,Etelä-Pohjanmaan Osuuskauppa,22.01.2024,
0742859-5,1047260,Cafe Engel,Aleksanterinkatu 26,170,HELSINKI,Helsinki,Cafe Engel Oy,16.11.1987,
2333830-3,30887616,Ravintola House,koskikatu 26,96200,ROVANIEMI,Rovaniemi,Lapinmaalarit,20.05.2025,19.05.2026
3418986-8,30884775,Villi Silli,Puistokatu 1,38200,SASTAMALA,Sastamala,VillitSillit Oy,30.05.2024,
1937608-3,30884147,Bar Laituri,Laiturikatu 1,50100,MIKKELI,Mikkeli,JP-Puhvetti Oy,15.04.2024,
2220007-0,1051850,Hollywood Bowling,Kauppakatu 37,40100,JYVÄSKYLÄ,Jyväskylä,Poolmax Oy,06.11.2015,
2327567-2,1047452,Vintillä,Kesätuulentie 2,6100,PORVOO,Porvoo,Tirmo Skärgårdscenter Ab - Tirmo Saaristokeskus Oy,29.09.2021,
3490249-1,30886790,Mopo Pub Oy,Rantalantie 608,7150,LAUKKOSKI,Pornainen,Mopo Pub Oy,06.03.2025,04.03.2026
2372155-6,1039182,Fazer Café City Center,Kaivokatu 8,100,HELSINKI,Helsinki,Fazer Ravintolat Oy,11.10.2011,
2944105-3,1063256,Ruuhka Pub,Hämeentie 30 C 21,530,HELSINKI,Helsinki,Ruuhkavuosiravintolat Oy,27.11.2018,
0168170-9,30052663,Original Sokos HotelVaakunaJoensuu,Torikatu 20,80100,JOENSUU,Joensuu,Pohjois-Karjalan Osuuskauppa,01.04.2018,
2803634-7,1055938,Oluthuone Kukko,Valtakatu 10 L 3,94100,KEMI,Kemi,JC Ravintolat Oy,01.02.2017,
